Feature,SHAP_Importance
GPA,1.9801674019134574
StudyHours,1.4811540817949211
MockExamScore,1.3378024291393331
EmploymentStatus,1.0769433430682618
Age,1.0422061811911465
InternshipGrade,0.9094983582398314
Scholarship,0.7964241395915154
Confidence,0.7885648823159209
IncomeLevel,0.7324722454771319
Gender,0.5744088524987577
SleepHours,0.5064331596923437
ReviewCenter,0.21494124897959224
