Feature,SHAP_Importance
GPA,2.0334814853437795
EmploymentStatus,1.8643794024394695
StudyHours,1.844471023899727
Age,1.6212069930181452
MockExamScore,1.5025002144557822
InternshipGrade,1.3825079424440203
Scholarship,1.3406928159477944
IncomeLevel,1.3225145082174328
Confidence,1.0494423776669708
Gender,0.8481791127480032
SleepHours,0.47826244545458874
ReviewCenter,0.4116061024785426
