{
  "bagging": {
    "accuracy": 0.5545454545454546,
    "cv_10fold_mean": 0.5479797979797979,
    "cv_10fold_std": 0.05582817510275306,
    "cv_10fold_min": 0.4909090909090909,
    "cv_10fold_max": 0.6851851851851852,
    "auc_roc": 0.5500826446280992,
    "classification_report": {
      "0": {
        "precision": 0.5517241379310345,
        "recall": 0.5818181818181818,
        "f1-score": 0.5663716814159292,
        "support": 55.0
      },
      "1": {
        "precision": 0.5576923076923077,
        "recall": 0.5272727272727272,
        "f1-score": 0.5420560747663551,
        "support": 55.0
      },
      "accuracy": 0.5545454545454546,
      "macro avg": {
        "precision": 0.5547082228116711,
        "recall": 0.5545454545454545,
        "f1-score": 0.5542138780911421,
        "support": 110.0
      },
      "weighted avg": {
        "precision": 0.5547082228116711,
        "recall": 0.5545454545454546,
        "f1-score": 0.5542138780911422,
        "support": 110.0
      }
    }
  },
  "boosting": {
    "accuracy": 0.5,
    "cv_10fold_mean": 0.49989898989898995,
    "cv_10fold_std": 0.061256526214576966,
    "cv_10fold_min": 0.38181818181818183,
    "cv_10fold_max": 0.6,
    "auc_roc": 0.5051239669421488,
    "classification_report": {
      "0": {
        "precision": 0.5,
        "recall": 0.5636363636363636,
        "f1-score": 0.5299145299145299,
        "support": 55.0
      },
      "1": {
        "precision": 0.5,
        "recall": 0.43636363636363634,
        "f1-score": 0.46601941747572817,
        "support": 55.0
      },
      "accuracy": 0.5,
      "macro avg": {
        "precision": 0.5,
        "recall": 0.5,
        "f1-score": 0.49796697369512904,
        "support": 110.0
      },
      "weighted avg": {
        "precision": 0.5,
        "recall": 0.5,
        "f1-score": 0.49796697369512904,
        "support": 110.0
      }
    }
  },
  "stacking": {
    "accuracy": 0.5181818181818182,
    "cv_10fold_mean": 0.555050505050505,
    "cv_10fold_std": 0.06412674258000803,
    "cv_10fold_min": 0.46296296296296297,
    "cv_10fold_max": 0.6666666666666666,
    "auc_roc": 0.5596694214876033,
    "classification_report": {
      "0": {
        "precision": 0.5151515151515151,
        "recall": 0.6181818181818182,
        "f1-score": 0.5619834710743802,
        "support": 55.0
      },
      "1": {
        "precision": 0.5227272727272727,
        "recall": 0.41818181818181815,
        "f1-score": 0.46464646464646464,
        "support": 55.0
      },
      "accuracy": 0.5181818181818182,
      "macro avg": {
        "precision": 0.5189393939393939,
        "recall": 0.5181818181818182,
        "f1-score": 0.5133149678604224,
        "support": 110.0
      },
      "weighted avg": {
        "precision": 0.5189393939393939,
        "recall": 0.5181818181818182,
        "f1-score": 0.5133149678604224,
        "support": 110.0
      }
    }
  }
}