{
  "bagging": {
    "accuracy": 0.5181818181818182,
    "cv_10fold_mean": 0.5778541226215645,
    "cv_10fold_std": 0.05355353829750293,
    "cv_10fold_min": 0.4883720930232558,
    "cv_10fold_max": 0.6363636363636364,
    "cv_10fold_scores": [
      0.5909090909090909,
      0.6363636363636364,
      0.6136363636363636,
      0.5,
      0.5909090909090909,
      0.5909090909090909,
      0.627906976744186,
      0.627906976744186,
      0.4883720930232558,
      0.5116279069767442
    ],
    "auc_roc": 0.5391735537190082,
    "classification_report": {
      "0": {
        "precision": 0.5178571428571429,
        "recall": 0.5272727272727272,
        "f1-score": 0.5225225225225225,
        "support": 55.0
      },
      "1": {
        "precision": 0.5185185185185185,
        "recall": 0.509090909090909,
        "f1-score": 0.5137614678899083,
        "support": 55.0
      },
      "accuracy": 0.5181818181818182,
      "macro avg": {
        "precision": 0.5181878306878307,
        "recall": 0.5181818181818181,
        "f1-score": 0.5181419952062154,
        "support": 110.0
      },
      "weighted avg": {
        "precision": 0.5181878306878307,
        "recall": 0.5181818181818181,
        "f1-score": 0.5181419952062154,
        "support": 110.0
      }
    }
  },
  "boosting": {
    "accuracy": 0.4909090909090909,
    "cv_10fold_mean": 0.5801268498942918,
    "cv_10fold_std": 0.05794711575655644,
    "cv_10fold_min": 0.4883720930232558,
    "cv_10fold_max": 0.6818181818181818,
    "cv_10fold_scores": [
      0.5,
      0.6818181818181818,
      0.6136363636363636,
      0.5454545454545454,
      0.6363636363636364,
      0.5681818181818182,
      0.627906976744186,
      0.4883720930232558,
      0.5813953488372093,
      0.5581395348837209
    ],
    "auc_roc": 0.5094214876033057,
    "classification_report": {
      "0": {
        "precision": 0.4918032786885246,
        "recall": 0.5454545454545454,
        "f1-score": 0.5172413793103449,
        "support": 55.0
      },
      "1": {
        "precision": 0.4897959183673469,
        "recall": 0.43636363636363634,
        "f1-score": 0.46153846153846156,
        "support": 55.0
      },
      "accuracy": 0.4909090909090909,
      "macro avg": {
        "precision": 0.49079959852793575,
        "recall": 0.49090909090909085,
        "f1-score": 0.4893899204244032,
        "support": 110.0
      },
      "weighted avg": {
        "precision": 0.49079959852793575,
        "recall": 0.4909090909090909,
        "f1-score": 0.4893899204244032,
        "support": 110.0
      }
    }
  },
  "xgboost": {
    "accuracy": 0.5272727272727272,
    "cv_10fold_mean": 0.5688689217758987,
    "cv_10fold_std": 0.054417188823982235,
    "cv_10fold_min": 0.4883720930232558,
    "cv_10fold_max": 0.6363636363636364,
    "cv_10fold_scores": [
      0.5,
      0.6363636363636364,
      0.6136363636363636,
      0.5,
      0.5681818181818182,
      0.5681818181818182,
      0.627906976744186,
      0.4883720930232558,
      0.627906976744186,
      0.5581395348837209
    ],
    "auc_roc": 0.5147107438016528,
    "classification_report": {
      "0": {
        "precision": 0.5254237288135594,
        "recall": 0.5636363636363636,
        "f1-score": 0.543859649122807,
        "support": 55.0
      },
      "1": {
        "precision": 0.5294117647058824,
        "recall": 0.4909090909090909,
        "f1-score": 0.5094339622641509,
        "support": 55.0
      },
      "accuracy": 0.5272727272727272,
      "macro avg": {
        "precision": 0.5274177467597209,
        "recall": 0.5272727272727272,
        "f1-score": 0.526646805693479,
        "support": 110.0
      },
      "weighted avg": {
        "precision": 0.5274177467597209,
        "recall": 0.5272727272727272,
        "f1-score": 0.526646805693479,
        "support": 110.0
      }
    }
  },
  "stacking": {
    "accuracy": 0.5272727272727272,
    "cv_10fold_mean": 0.5598837209302325,
    "cv_10fold_std": 0.04884879121883964,
    "cv_10fold_min": 0.5,
    "cv_10fold_max": 0.6744186046511628,
    "cv_10fold_scores": [
      0.5227272727272727,
      0.5454545454545454,
      0.5454545454545454,
      0.5,
      0.5227272727272727,
      0.6136363636363636,
      0.6744186046511628,
      0.5813953488372093,
      0.5348837209302325,
      0.5581395348837209
    ],
    "auc_roc": 0.5335537190082644,
    "classification_report": {
      "0": {
        "precision": 0.5245901639344263,
        "recall": 0.5818181818181818,
        "f1-score": 0.5517241379310345,
        "support": 55.0
      },
      "1": {
        "precision": 0.5306122448979592,
        "recall": 0.4727272727272727,
        "f1-score": 0.5,
        "support": 55.0
      },
      "accuracy": 0.5272727272727272,
      "macro avg": {
        "precision": 0.5276012044161927,
        "recall": 0.5272727272727272,
        "f1-score": 0.5258620689655172,
        "support": 110.0
      },
      "weighted avg": {
        "precision": 0.5276012044161927,
        "recall": 0.5272727272727272,
        "f1-score": 0.5258620689655172,
        "support": 110.0
      }
    }
  },
  "weighted_voting": {
    "accuracy": 0.5,
    "cv_10fold_mean": 0.5803911205073996,
    "cv_10fold_std": 0.04459676022461413,
    "cv_10fold_min": 0.5227272727272727,
    "cv_10fold_max": 0.6511627906976745,
    "cv_10fold_scores": [
      0.5227272727272727,
      0.5909090909090909,
      0.5227272727272727,
      0.6136363636363636,
      0.5454545454545454,
      0.6363636363636364,
      0.6511627906976745,
      0.5813953488372093,
      0.5348837209302325,
      0.6046511627906976
    ],
    "auc_roc": 0.5239669421487603,
    "classification_report": {
      "0": {
        "precision": 0.5,
        "recall": 0.5636363636363636,
        "f1-score": 0.5299145299145299,
        "support": 55.0
      },
      "1": {
        "precision": 0.5,
        "recall": 0.43636363636363634,
        "f1-score": 0.46601941747572817,
        "support": 55.0
      },
      "accuracy": 0.5,
      "macro avg": {
        "precision": 0.5,
        "recall": 0.5,
        "f1-score": 0.49796697369512904,
        "support": 110.0
      },
      "weighted avg": {
        "precision": 0.5,
        "recall": 0.5,
        "f1-score": 0.49796697369512904,
        "support": 110.0
      }
    }
  }
}