{
  "data_stats": {
    "shape": [
      546,
      15
    ],
    "missing_values": {
      "Age": 0,
      "Gender": 0,
      "StudyHours": 0,
      "SleepHours": 0,
      "ReviewCenter": 0,
      "MockExamScore": 235,
      "GPA": 0,
      "Scholarship": 0,
      "InternshipGrade": 0,
      "IncomeLevel": 0,
      "EmploymentStatus": 0,
      "Confidence": 0,
      "TestAnxiety": 0,
      "ExamResultPercent": 0,
      "Passed": 0
    },
    "target_distribution": {
      "1": 275,
      "0": 271
    },
    "pass_rate": 0.5036630036630036,
    "categorical_stats": {
      "Gender": {
        "Female": 274,
        "Male": 272
      },
      "IncomeLevel": {
        "Low": 185,
        "Middle": 183,
        "High": 178
      },
      "EmploymentStatus": {
        "Skilled": 143,
        "Professional": 137,
        "Unskilled": 137,
        "Unemployed": 129
      }
    },
    "numerical_stats": {
      "Age": {
        "count": 546.0,
        "mean": 22.023809523809526,
        "std": 1.06546322457338,
        "min": 21.0,
        "25%": 21.0,
        "50%": 22.0,
        "75%": 22.0,
        "max": 27.0
      },
      "StudyHours": {
        "count": 546.0,
        "mean": 4.45970695970696,
        "std": 2.60613727067529,
        "min": 1.0,
        "25%": 2.0,
        "50%": 4.0,
        "75%": 6.0,
        "max": 15.0
      },
      "SleepHours": {
        "count": 546.0,
        "mean": 6.368131868131868,
        "std": 1.6858860923929122,
        "min": 4.0,
        "25%": 5.0,
        "50%": 6.0,
        "75%": 8.0,
        "max": 9.0
      },
      "Confidence": {
        "count": 546.0,
        "mean": 7.503663003663004,
        "std": 1.6121628722285049,
        "min": 1.0,
        "25%": 7.0,
        "50%": 8.0,
        "75%": 9.0,
        "max": 10.0
      },
      "MockExamScore": {
        "count": 311.0,
        "mean": 75.60128617363344,
        "std": 13.529723489238789,
        "min": 50.0,
        "25%": 64.0,
        "50%": 75.0,
        "75%": 88.0,
        "max": 99.0
      },
      "GPA": {
        "count": 546.0,
        "mean": 2.1042124542124543,
        "std": 0.7014079044025447,
        "min": 1.0,
        "25%": 1.5,
        "50%": 2.0,
        "75%": 2.75,
        "max": 3.9
      },
      "InternshipGrade": {
        "count": 546.0,
        "mean": 2.058150183150183,
        "std": 0.6864898506302296,
        "min": 1.0,
        "25%": 1.5,
        "50%": 2.0,
        "75%": 2.5,
        "max": 3.75
      },
      "TestAnxiety": {
        "count": 546.0,
        "mean": 5.119047619047619,
        "std": 2.950124209719675,
        "min": 1.0,
        "25%": 2.0,
        "50%": 5.0,
        "75%": 8.0,
        "max": 10.0
      },
      "ReviewCenter": {
        "count": 546.0,
        "mean": 0.5402930402930403,
        "std": 0.4988308406141343,
        "min": 0.0,
        "25%": 0.0,
        "50%": 1.0,
        "75%": 1.0,
        "max": 1.0
      },
      "Scholarship": {
        "count": 546.0,
        "mean": 0.532967032967033,
        "std": 0.4993694986269055,
        "min": 0.0,
        "25%": 0.0,
        "50%": 1.0,
        "75%": 1.0,
        "max": 1.0
      }
    }
  },
  "correlation_matrix": {
    "Gender": {
      "Gender": 1.0,
      "IncomeLevel": 0.04284030673897554,
      "EmploymentStatus": 0.0015939229626212637,
      "Age": -0.001638628778128557,
      "StudyHours": -0.019752279476226098,
      "SleepHours": 0.030159773203276244,
      "Confidence": -0.03183052576609993,
      "MockExamScore": -0.04894159399356389,
      "GPA": -0.002591572089492882,
      "InternshipGrade": 0.012994905691076915,
      "TestAnxiety": -0.014144143096118882,
      "ReviewCenter": 0.00029615227874137687,
      "Scholarship": -0.06583625080176403,
      "Passed": -0.07323569470061685
    },
    "IncomeLevel": {
      "Gender": 0.04284030673897554,
      "IncomeLevel": 1.0,
      "EmploymentStatus": -0.0672711221983376,
      "Age": 0.06746344491167305,
      "StudyHours": -0.08417530618061579,
      "SleepHours": 0.10720168209686858,
      "Confidence": -0.009115953929661054,
      "MockExamScore": 0.005784231870118595,
      "GPA": 0.06341744454961931,
      "InternshipGrade": 0.03517228557094184,
      "TestAnxiety": 0.018651336822167054,
      "ReviewCenter": 0.014908826663199691,
      "Scholarship": 0.01957308556252831,
      "Passed": -0.020356156378414796
    },
    "EmploymentStatus": {
      "Gender": 0.0015939229626212637,
      "IncomeLevel": -0.0672711221983376,
      "EmploymentStatus": 1.0,
      "Age": -0.0850338540505231,
      "StudyHours": -0.15787293238629202,
      "SleepHours": 0.08359917671328496,
      "Confidence": 0.0264323644830922,
      "MockExamScore": -0.08916443611742127,
      "GPA": -0.09960948639631613,
      "InternshipGrade": -0.03570028309779715,
      "TestAnxiety": -0.04754611772402092,
      "ReviewCenter": -0.012203758175356528,
      "Scholarship": -0.08121457976659445,
      "Passed": -0.07189576171883175
    },
    "Age": {
      "Gender": -0.001638628778128557,
      "IncomeLevel": 0.06746344491167305,
      "EmploymentStatus": -0.0850338540505231,
      "Age": 1.0,
      "StudyHours": 0.28547982932876265,
      "SleepHours": 0.00021889206811382718,
      "Confidence": 0.04641621217182693,
      "MockExamScore": 0.1060203863569812,
      "GPA": 0.22734375581504104,
      "InternshipGrade": 0.216978715417422,
      "TestAnxiety": 0.0282839366005573,
      "ReviewCenter": 0.06551198644413746,
      "Scholarship": -0.013548077586527438,
      "Passed": 0.029086246226783255
    },
    "StudyHours": {
      "Gender": -0.019752279476226098,
      "IncomeLevel": -0.08417530618061579,
      "EmploymentStatus": -0.15787293238629202,
      "Age": 0.28547982932876265,
      "StudyHours": 1.0,
      "SleepHours": -0.13714582276603102,
      "Confidence": -0.024639158184903358,
      "MockExamScore": 0.14744564841480984,
      "GPA": 0.213143865054459,
      "InternshipGrade": 0.31655153739199593,
      "TestAnxiety": 0.01005181417931289,
      "ReviewCenter": 0.11063534473463084,
      "Scholarship": 0.15258537004280948,
      "Passed": 0.08241447625716206
    },
    "SleepHours": {
      "Gender": 0.030159773203276244,
      "IncomeLevel": 0.10720168209686858,
      "EmploymentStatus": 0.08359917671328496,
      "Age": 0.00021889206811382718,
      "StudyHours": -0.13714582276603102,
      "SleepHours": 1.0,
      "Confidence": 0.0011906935441789693,
      "MockExamScore": 0.0142553547941106,
      "GPA": -0.05732978418682024,
      "InternshipGrade": 0.025860885289576325,
      "TestAnxiety": 0.002608808057163824,
      "ReviewCenter": 0.016147979196399886,
      "Scholarship": -0.12232641285196641,
      "Passed": 0.008185364684031145
    },
    "Confidence": {
      "Gender": -0.03183052576609993,
      "IncomeLevel": -0.009115953929661054,
      "EmploymentStatus": 0.0264323644830922,
      "Age": 0.04641621217182693,
      "StudyHours": -0.024639158184903358,
      "SleepHours": 0.0011906935441789693,
      "Confidence": 1.0,
      "MockExamScore": -0.003773923825082872,
      "GPA": 0.057833678324453845,
      "InternshipGrade": 0.015764550444801562,
      "TestAnxiety": -0.0010563378244074165,
      "ReviewCenter": -0.06292812284164996,
      "Scholarship": 0.010105893496846373,
      "Passed": 0.03523421052240093
    },
    "MockExamScore": {
      "Gender": -0.04894159399356389,
      "IncomeLevel": 0.005784231870118595,
      "EmploymentStatus": -0.08916443611742127,
      "Age": 0.1060203863569812,
      "StudyHours": 0.14744564841480984,
      "SleepHours": 0.0142553547941106,
      "Confidence": -0.003773923825082872,
      "MockExamScore": 1.0,
      "GPA": 0.19771786227173638,
      "InternshipGrade": 0.18823230085561876,
      "TestAnxiety": 0.09248137699982242,
      "ReviewCenter": 0.1526039560743937,
      "Scholarship": 0.1208316454658186,
      "Passed": 0.1820368119744996
    },
    "GPA": {
      "Gender": -0.002591572089492882,