Feature,SHAP_Importance
Gender,0.03836729232593148
IncomeLevel,0.03836729232593146
