{
  "model_name": "bagging_random_forest",
  "model_type": "ensemble_regression",
  "cv_rmse": 2.310091134478203,
  "cv_std": 0.9956647209810526,
  "cv_mean": 5.336521049594792,
  "test_rmse": 2.511061854320458,
  "test_mae": 1.9565878442029845,
  "test_r2": 0.16033574398585937,
  "test_mse": 6.305431636223297,
  "cv_10fold_scores": [
    -5.030853079090489,
    -5.244338639077005,
    -6.147343378293674,
    -4.506085992660993,
    -6.561696985895042,
    -5.7820199855530054,
    -4.228633076902076,
    -7.107250077322682,
    -3.8463081125137695,
    -4.910681168639182
  ],
  "trained_at": "2026-02-07T00:41:23.225266"
}