{
  "model_name": "bagging_neural_network",
  "model_type": "ensemble_regression",
  "cv_train_rmse_mean": 2.430369042486423,
  "cv_train_rmse_std": 0.32359018471319717,
  "cv_val_rmse_mean": 3.2852373455903687,
  "cv_val_rmse_std": 0.49832959112178693,
  "train_rmse": 2.069045164550034,
  "train_mae": 1.630967725378664,
  "train_r2": 0.23287206201583277,
  "cv_rmse": 3.3228175993047313,
  "cv_std": 3.2523335501774375,
  "cv_mean": 11.04111679824926,
  "test_rmse": 3.1765007180325955,
  "test_mae": 2.598515184661053,
  "test_r2": -0.3460932217149053,
  "test_mse": 10.090156811661595,
  "overfit_gap": 0.5789652837307381,
  "training_time": 258.29176115989685,
  "cv_10fold_scores": [
    9.961598264541376,
    6.021432190766624,
    10.016407531371485,
    15.387359971568026,
    9.982211454448356,
    8.210599787262142,
    15.039278332728689,
    13.820756952740924,
    7.337244782304537,
    14.634278714760445
  ],
  "fold_train_rmse": [
    2.161205672755517,
    2.2598659630325773,
    2.2334436493849688,
    2.918785819593808,
    2.183692235633518,
    2.2140304790363605,
    2.3523980240958484,
    2.8858152504210426,
    2.1473633507380048,
    2.94708998017259
  ],
  "fold_val_rmse": [
    3.156199972204134,
    2.453860670610013,
    3.164870855401763,
    3.9226725547218475,
    3.1594637922356945,
    2.865414418066284,
    3.878050841947368,
    3.7176278663606075,
    2.7087349043980913,
    3.825477579957886
  ],
  "trained_at": "2026-02-12T00:49:04.642589"
}