{
  "model_name": "bagging_random_forest",
  "model_type": "ensemble_regression",
  "cv_train_rmse_mean": 1.3489524302682736,
  "cv_train_rmse_std": 0.016188037262325438,
  "cv_val_rmse_mean": 2.2037073863022743,
  "cv_val_rmse_std": 0.17518174118889063,
  "train_rmse": 1.333173879040823,
  "train_mae": 1.0345317567567571,
  "train_r2": 0.6815058573753643,
  "cv_rmse": 2.2037073863022743,
  "cv_std": 0.7869398548613514,
  "cv_mean": 4.887014886889174,
  "test_rmse": 2.4946661123790204,
  "test_mae": 1.9892288288288287,
  "test_r2": 0.16976301369179503,
  "test_mse": 6.2233590122522555,
  "overfit_gap": 0.5117428436835693,
  "training_time": 16.77921199798584,
  "cv_10fold_scores": [
    6.060059526292125,
    3.8916504202247166,
    5.126099213932587,
    4.235907231460674,
    4.866431213033715,
    4.8460178566292225,
    6.359123292134838,
    5.180747183820213,
    4.219297393636368,
    4.084815537727272
  ],
  "fold_train_rmse": [
    1.321667169746029,
    1.3694554709294384,
    1.3495176143864969,
    1.355627468145466,
    1.350911171373297,
    1.3641877881184694,
    1.3172180163238576,
    1.3581280726157716,
    1.3573863122376026,
    1.3454252188063065
  ],
  "fold_val_rmse": [
    2.461718815440164,
    1.972726646097912,
    2.2640890472621846,
    2.0581319762009125,
    2.2059989150119077,
    2.2013672698187423,
    2.521730217952515,
    2.2761254762908423,
    2.0540928395854867,
    2.021092659362077
  ],
  "trained_at": "2026-02-12T22:50:49",
  "n_features": 16
}