{
  "model_name": "bagging_random_forest",
  "model_type": "ensemble_regression",
  "cv_rmse": 2.2325241499597444,
  "cv_std": 0.7169184861007142,
  "cv_mean": 4.984164080153478,
  "test_rmse": 2.500669099144041,
  "test_mae": 1.994878272178998,
  "test_r2": 0.16576256002887202,
  "test_mse": 6.253345943413868,
  "cv_10fold_scores": [
    -6.048908682023497,
    -3.9558762063747377,
    -5.317373487030458,
    -4.340837681349489,
    -5.012449924394091,
    -5.024181187371659,
    -6.190168259293623,
    -5.268232219811447,
    -4.516417866010347,
    -4.167195287875431
  ],
  "trained_at": "2026-02-10T15:07:15.609856"
}