{
  "model_name": "bagging_random_forest",
  "model_type": "ensemble_regression",
  "cv_train_rmse_mean": 1.2682783505487627,
  "cv_train_rmse_std": 0.027442990173130663,
  "cv_val_rmse_mean": 2.2267946192182384,
  "cv_val_rmse_std": 0.15984306045049224,
  "train_rmse": 1.2894585933377005,
  "train_mae": 1.0174076845082853,
  "train_r2": 0.7020505010428175,
  "cv_rmse": 2.2325241499597444,
  "cv_std": 0.7169184861007142,
  "cv_mean": 4.984164080153478,
  "test_rmse": 2.500669099144041,
  "test_mae": 1.994878272178998,
  "test_r2": 0.16576256002887202,
  "test_mse": 6.253345943413868,
  "overfit_gap": 0.5362879410139455,
  "training_time": 8.003583908081055,
  "cv_10fold_scores": [
    6.048908682023497,
    3.9558762063747377,
    5.317373487030458,
    4.340837681349489,
    5.012449924394091,
    5.024181187371659,
    6.190168259293623,
    5.268232219811447,
    4.516417866010347,
    4.167195287875431
  ],
  "fold_train_rmse": [
    1.249714473972767,
    1.2756428488154499,
    1.258315991431245,
    1.2814119432316704,
    1.2795949009124323,
    1.2788290159859146,
    1.1969213451724356,
    1.2776404810093032,
    1.304235659307767,
    1.280476845648643
  ],
  "fold_val_rmse": [
    2.4594529233192284,
    1.9889384621889983,
    2.3059430797464318,
    2.0834677058571103,
    2.238850134420366,
    2.241468533656375,
    2.488004875255196,
    2.295262995783151,
    2.125186548519999,
    2.041370933435526
  ],
  "trained_at": "2026-02-12T00:49:04.667446"
}