{
  "model_name": "bagging_neural_network",
  "model_type": "ensemble_regression",
  "cv_rmse": 3.3228175993047313,
  "cv_std": 3.2523335501774375,
  "cv_mean": 11.04111679824926,
  "test_rmse": 3.1765007180325955,
  "test_mae": 2.598515184661053,
  "test_r2": -0.3460932217149053,
  "test_mse": 10.090156811661595,
  "cv_10fold_scores": [
    -9.961598264541376,
    -6.021432190766624,
    -10.016407531371485,
    -15.387359971568026,
    -9.982211454448356,
    -8.210599787262142,
    -15.039278332728689,
    -13.820756952740924,
    -7.337244782304537,
    -14.634278714760445
  ],
  "trained_at": "2026-02-10T15:07:15.605711"
}