{
  "model_name": "bagging_random_forest",
  "model_type": "ensemble_regression",
  "cv_rmse": 2.3104787476086326,
  "cv_std": 0.9750356279736457,
  "cv_mean": 5.338312043151156,
  "test_rmse": 2.5153810598049002,
  "test_mae": 1.9550014602505932,
  "test_r2": 0.15744469490264534,
  "test_mse": 6.327141876025222,
  "cv_10fold_scores": [
    -5.005498900333577,
    -5.251978611185528,
    -6.109351815621339,
    -4.5596016288439225,
    -6.434335254169785,
    -5.84475640719375,
    -4.220723103933432,
    -7.122302796146864,
    -3.868708000318681,
    -4.9658639137646805
  ],
  "trained_at": "2026-02-06T14:25:49.022916"
}