{
  "model_name": "boosting_gradient_boost",
  "model_type": "ensemble_regression",
  "cv_rmse": 2.3254297903874552,
  "cv_std": 1.0002919913952242,
  "cv_mean": 5.4076237100214435,
  "test_rmse": 2.426647618447942,
  "test_mae": 1.8841246045918054,
  "test_r2": 0.21584073941049675,
  "test_mse": 5.88861866411907,
  "cv_10fold_scores": [
    -4.988096475992704,
    -5.481692912904492,
    -6.413747414975251,
    -4.460891111767327,
    -6.276694871454063,
    -6.1418435089516175,
    -4.319119388622957,
    -6.982342733532659,
    -3.690238014338488,
    -5.321570667674868
  ],
  "trained_at": "2026-02-06T14:25:49.029844"
}