{
  "model_name": "boosting_gradient_boost",
  "model_type": "ensemble_regression",
  "cv_train_rmse_mean": 1.6581074606645732,
  "cv_train_rmse_std": 0.02423059837113278,
  "cv_val_rmse_mean": 2.2249835445352093,
  "cv_val_rmse_std": 0.18283089600123412,
  "train_rmse": 1.6871011067439443,
  "train_mae": 1.3453738490087885,
  "train_r2": 0.48995313969693866,
  "cv_rmse": 2.2249835445352093,
  "cv_std": 0.8338643610394744,
  "cv_mean": 4.983978909985079,
  "test_rmse": 2.4744890805463404,
  "test_mae": 1.9752450822856578,
  "test_r2": 0.18313873037954442,
  "test_mse": 6.123096209743073,
  "overfit_gap": 0.30681440931739423,
  "training_time": 2.3436341285705566,
  "cv_10fold_scores": [
    6.238933190405079,
    4.331997414611791,
    5.043299881662891,
    4.257936688490449,
    5.219630768214846,
    5.24246583860086,
    6.598960374005144,
    4.703787346907385,
    3.9345041328787884,
    4.268273464073558
  ],
  "fold_train_rmse": [
    1.6028127775594725,
    1.6708056736915233,
    1.652534447287402,
    1.6835272172799287,
    1.6544145029800612,
    1.6790812805862871,
    1.6328795621290173,
    1.650518574089899,
    1.6841342257615617,
    1.6703663452805813
  ],
  "fold_val_rmse": [
    2.497785657418402,
    2.0813450974338186,
    2.2457292538645195,
    2.063476844670288,
    2.284651126149208,
    2.289643168400015,
    2.5688441708295864,
    2.1688216494002877,
    1.9835584520953216,
    2.065980025090649
  ],
  "trained_at": "2026-02-12T22:50:52",
  "n_features": 16
}