{
  "model_name": "boosting_gradient_boost",
  "model_type": "ensemble_regression",
  "cv_rmse": 2.2324826785408836,
  "cv_std": 0.8338643610394744,
  "cv_mean": 4.983978909985079,
  "test_rmse": 2.4744890805463404,
  "test_mae": 1.9752450822856578,
  "test_r2": 0.18313873037954442,
  "test_mse": 6.123096209743073,
  "cv_10fold_scores": [
    -6.238933190405079,
    -4.331997414611791,
    -5.043299881662891,
    -4.257936688490449,
    -5.219630768214846,
    -5.24246583860086,
    -6.598960374005144,
    -4.703787346907385,
    -3.9345041328787884,
    -4.268273464073558
  ],
  "trained_at": "2026-02-10T15:07:15.612855"
}