{
  "model_name": "boosting_gradient_boost",
  "model_type": "ensemble_regression",
  "cv_rmse": 2.314842692243901,
  "cv_std": 0.9563890377791785,
  "cv_mean": 5.358496689834992,
  "test_rmse": 2.428304396741733,
  "test_mae": 1.8789019738523887,
  "test_r2": 0.21476961434501152,
  "test_mse": 5.896662243235232,
  "cv_10fold_scores": [
    -4.952915168748326,
    -5.42836915282357,
    -6.397761293560709,
    -4.481940129800252,
    -6.298598564553885,
    -5.908959149220903,
    -4.415660451049321,
    -6.686658105366612,
    -3.5480605030558166,
    -5.466044380170527
  ],
  "trained_at": "2026-02-07T00:41:23.231379"
}