{
  "model_name": "decision_tree",
  "model_type": "base_regression",
  "best_params": {
    "max_depth": "3",
    "min_samples_leaf": "4",
    "min_samples_split": "2"
  },
  "cv_train_rmse_mean": 2.205440140936823,
  "cv_train_rmse_std": 0.018192852399398052,
  "cv_val_rmse_mean": 2.3460085544476774,
  "cv_val_rmse_std": 0.15332212980905693,
  "train_rmse": 2.213927106238937,
  "train_mae": 1.7618979111717514,
  "train_r2": 0.12167651945893299,
  "cv_rmse": 2.3510133587521076,
  "cv_std": 0.7297189938435681,
  "cv_mean": 5.527263813030866,
  "test_rmse": 2.676045050549001,
  "test_mae": 2.125086184542027,
  "test_r2": 0.04464658038660363,
  "test_mse": 7.1612171125678055,
  "overfit_gap": 0.07702993907232936,
  "training_time": 0.4306497573852539,
  "cv_10fold_scores": [
    6.548820535121454,
    4.773651785350028,
    6.007052019951726,
    5.199757676622084,
    5.101144611271476,
    5.182439514446562,
    6.911456754963772,
    5.646577845812792,
    5.441155295454511,
    4.460582091314268
  ],
  "fold_train_rmse": [
    2.189407243358745,
    2.2325161257403785,
    2.1822227933720506,
    2.228262191179086,
    2.203136777185601,
    2.2103528193542137,
    2.175383228575113,
    2.200984553274053,
    2.2096984286720915,
    2.2224372486568997
  ],
  "fold_val_rmse": [
    2.559066340508087,
    2.184868825662087,
    2.4509288076057465,
    2.280297716663788,
    2.258571365104826,
    2.2764972028198414,
    2.628964958869511,
    2.376252900221858,
    2.3326284092102005,
    2.11200901781083
  ],
  "trained_at": "2026-02-12T14:34:43.989051"
}