{
  "model_name": "knn",
  "model_type": "base_regression",
  "best_params": {
    "n_neighbors": "9",
    "weights": "distance"
  },
  "cv_train_rmse_mean": 1.894674813459571e-07,
  "cv_train_rmse_std": 5.095849219736489e-09,
  "cv_val_rmse_mean": 2.3048186080000046,
  "cv_val_rmse_std": 0.1513096476476567,
  "train_rmse": 1.9082495972875067e-07,
  "train_mae": 7.055614307819884e-08,
  "train_r2": 0.9999999999999934,
  "cv_rmse": 2.309779951695472,
  "cv_std": 0.6980394971519391,
  "cv_mean": 5.335083425254337,
  "test_rmse": 2.6395447353744865,
  "test_mae": 2.131877790327564,
  "test_r2": 0.07053021702532614,
  "test_mse": 6.967196410043168,
  "overfit_gap": 0.9294697829746673,
  "training_time": 4.454063653945923,
  "cv_10fold_scores": [
    6.211617145355027,
    4.211084665584382,
    5.5988543072015595,
    4.930871819988332,
    5.600578973364158,
    5.736116856988784,
    6.532853472458508,
    5.208342806388951,
    4.747238768124978,
    4.5732754370886886
  ],
  "fold_train_rmse": [
    1.8927106537505946e-07,
    1.9109007266058056e-07,
    1.83852069305742e-07,
    1.8702742175328664e-07,
    1.7871377199501422e-07,
    1.8881510486779727e-07,
    1.9027256417190624e-07,
    1.937987109473905e-07,
    1.9656897484113075e-07,
    1.952650575416635e-07
  ],
  "fold_val_rmse": [
    2.4923116067929842,
    2.052092752675761,
    2.366189829071531,
    2.2205566464263713,
    2.3665542405286546,
    2.395019176747607,
    2.5559447318865303,
    2.2821793983797485,
    2.1788159096456448,
    2.1385217878452134
  ],
  "trained_at": "2026-02-12T14:34:43.982510"
}