{
  "model_name": "neural_network",
  "model_type": "base_regression",
  "best_params": {
    "activation": "tanh",
    "alpha": "0.0001",
    "hidden_layer_sizes": "(100,)",
    "learning_rate": "constant"
  },
  "cv_train_rmse_mean": 2.142996688439719,
  "cv_train_rmse_std": 0.016122106777974744,
  "cv_val_rmse_mean": 2.1872407373266873,
  "cv_val_rmse_std": 0.14236138864814019,
  "train_rmse": 2.1485940753610664,
  "train_mae": 1.7068780737771045,
  "train_r2": 0.1727503242934657,
  "cv_rmse": 2.1918687935182657,
  "cv_std": 0.6244118094493976,
  "cv_mean": 4.804288807999217,
  "test_rmse": 2.469519948600939,
  "test_mae": 2.0037737443772556,
  "test_r2": 0.18641618740321364,
  "test_mse": 6.098528776537984,
  "overfit_gap": -0.013665863109747933,
  "training_time": 343.2437846660614,
  "cv_10fold_scores": [
    5.8691552491500145,
    4.051298257855034,
    4.784767016162508,
    3.8861369047237857,
    5.276952581758395,
    4.716425018945749,
    5.568917130349948,
    5.141072261891935,
    4.2079267654283745,
    4.54023689372643
  ],
  "fold_train_rmse": [
    2.11837621202814,
    2.163898247037084,
    2.1458244553985706,
    2.165574368102994,
    2.128492849216575,
    2.1393527342992127,
    2.1281927696837637,
    2.1283658617164214,
    2.160754779273797,
    2.1511346076406306
  ],
  "fold_val_rmse": [
    2.4226339486496955,
    2.01278370866197,
    2.187411030456441,
    1.9713287155428405,
    2.2971618536268608,
    2.1717331831847457,
    2.359855319791861,
    2.267393274642036,
    2.0513231743019857,
    2.1307831644084363
  ],
  "trained_at": "2026-02-12T14:34:43.992115"
}