{
  "model_name": "random_forest",
  "model_type": "base_regression",
  "best_params": {
    "max_depth": "10",
    "min_samples_split": "10",
    "n_estimators": "200"
  },
  "cv_train_rmse_mean": 1.436127755086843,
  "cv_train_rmse_std": 0.022144579142093834,
  "cv_val_rmse_mean": 2.2112403066216655,
  "cv_val_rmse_std": 0.1596501236918228,
  "train_rmse": 1.4567166186138558,
  "train_mae": 1.1558549002571634,
  "train_r2": 0.6197423083580885,
  "cv_rmse": 2.216996133425382,
  "cv_std": 0.7131516479958112,
  "cv_mean": 4.915071855623093,
  "test_rmse": 2.5111921144496354,
  "test_mae": 2.0022566009801297,
  "test_r2": 0.15872671184429976,
  "test_mse": 6.306085835674031,
  "overfit_gap": 0.46101559651378876,
  "training_time": 30.49502944946289,
  "cv_10fold_scores": [
    5.978889621922483,
    3.937127854610398,
    5.193649362984761,
    4.290597886609631,
    4.9599200526574405,
    5.019272639852269,
    6.1581447108242795,
    5.117375231470918,
    4.390796933719947,
    4.104944261578801
  ],
  "fold_train_rmse": [
    1.4149842483612696,
    1.4457933445824211,
    1.4295314114097821,
    1.4507785529572776,
    1.4387080487309976,
    1.4407509357354573,
    1.382264900168855,
    1.4442652321780032,
    1.4678249535688568,
    1.446375923175511
  ],
  "fold_val_rmse": [
    2.4451768079062264,
    1.984219709258629,
    2.2789579555105357,
    2.071375843880012,
    2.2270877963514235,
    2.2403733259999927,
    2.48156094239579,
    2.2621616280608507,
    2.0954228532016983,
    2.0260662036515
  ],
  "trained_at": "2026-02-12T14:34:43.990054"
}