{
  "model_name": "ridge",
  "model_type": "base_regression",
  "best_params": {
    "alpha": "100.0"
  },
  "cv_train_rmse_mean": 2.144811454459197,
  "cv_train_rmse_std": 0.016028272162873888,
  "cv_val_rmse_mean": 2.185549875736963,
  "cv_val_rmse_std": 0.14844952619314375,
  "train_rmse": 2.146959374160365,
  "train_mae": 1.7025586473304388,
  "train_r2": 0.17400862768399106,
  "cv_rmse": 2.190585657115655,
  "cv_std": 0.6500617919856805,
  "cv_mean": 4.798665521160825,
  "test_rmse": 2.456365389469089,
  "test_mae": 1.9876076875660194,
  "test_r2": 0.19506064637803755,
  "test_mse": 6.0337309265816295,
  "overfit_gap": -0.021052018694046493,
  "training_time": 0.05297493934631348,
  "cv_10fold_scores": [
    5.71053533208417,
    3.922762882299894,
    4.820011121010988,
    4.021436376629428,
    5.22681809643735,
    4.825488844072336,
    5.79135085615547,
    5.20365940243009,
    4.078147348358391,
    4.386444952130137
  ],
  "fold_train_rmse": [
    2.1199250258126088,
    2.1667626074407673,
    2.146066525542442,
    2.165448280896808,
    2.131382279705677,
    2.1439947446461844,
    2.1245576813450526,
    2.135128874416371,
    2.1617411217464095,
    2.153107403039651
  ],
  "fold_val_rmse": [
    2.389672641196733,
    1.9805965975684938,
    2.195452372749404,
    2.005351933359685,
    2.2862235447211523,
    2.1966995343178675,
    2.4065225650625988,
    2.2811530861452702,
    2.019442335982484,
    2.0943841462659463
  ],
  "trained_at": "2026-02-12T14:34:43.991079"
}