{
  "model_name": "stacking_neural_ridge_ridge_final",
  "model_type": "ensemble_regression",
  "cv_rmse": 2.1904101732652896,
  "cv_std": 0.622182276391319,
  "cv_mean": 4.797896727144077,
  "test_rmse": 2.4512882020767037,
  "test_mae": 1.9807808273207264,
  "test_r2": 0.19838474817363327,
  "test_mse": 6.008813849640438,
  "cv_10fold_scores": [
    -5.712720631135728,
    -3.9177730202351935,
    -4.812718864168895,
    -4.010434017274072,
    -5.1906494643836005,
    -4.808134530766839,
    -5.735195139462664,
    -5.1577306085024235,
    -4.233126595199274,
    -4.400484400312082
  ],
  "trained_at": "2026-02-10T23:42:06.029528"
}