{
  "model_name": "stacking_neural_ridge_ridge_final",
  "model_type": "ensemble_regression",
  "cv_train_rmse_mean": 2.144666484961172,
  "cv_train_rmse_std": 0.016812929972516617,
  "cv_val_rmse_mean": 2.185798971189662,
  "cv_val_rmse_std": 0.14205486507082915,
  "train_rmse": 2.1490821612793383,
  "train_mae": 1.7042925905188173,
  "train_r2": 0.1723744368390857,
  "cv_rmse": 2.1904101732652896,
  "cv_std": 0.622182276391319,
  "cv_mean": 4.797896727144077,
  "test_rmse": 2.4512882020767037,
  "test_mae": 1.9807808273207264,
  "test_r2": 0.19838474817363327,
  "test_mse": 6.008813849640438,
  "overfit_gap": -0.026010311334547564,
  "training_time": 150.1017243862152,
  "cv_10fold_scores": [
    5.712720631135728,
    3.9177730202351935,
    4.812718864168895,
    4.010434017274072,
    5.1906494643836005,
    4.808134530766839,
    5.735195139462664,
    5.1577306085024235,
    4.233126595199274,
    4.400484400312082
  ],
  "fold_train_rmse": [
    2.117635606052087,
    2.1654875008894963,
    2.1449417684578993,
    2.1696182429693365,
    2.13001042159003,
    2.1427885497967725,
    2.1265410130372175,
    2.134365702164808,
    2.1626584684749504,
    2.1526175761791206
  ],
  "fold_val_rmse": [
    2.3901298356231044,
    1.9793365101051397,
    2.193790980054594,
    2.0026068054598416,
    2.278299687131524,
    2.192745888325147,
    2.394826745186938,
    2.2710637614348093,
    2.057456341018996,
    2.097733157556528
  ],
  "trained_at": "2026-02-12T00:49:04.680446"
}