{
  "model_name": "stacking_neural_ridge_neural_final",
  "model_type": "ensemble_regression",
  "cv_train_rmse_mean": 2.1492348931168612,
  "cv_train_rmse_std": 0.017901017711597213,
  "cv_val_rmse_mean": 2.188229170279774,
  "cv_val_rmse_std": 0.1514469411985219,
  "train_rmse": 2.151926888063443,
  "train_mae": 1.7092027154313698,
  "train_r2": 0.17018194100921646,
  "cv_rmse": 2.1934637169695095,
  "cv_std": 0.6714695435019471,
  "cv_mean": 4.811283077661697,
  "test_rmse": 2.458512972731419,
  "test_mae": 1.9926854318372318,
  "test_r2": 0.19365252527811838,
  "test_mse": 6.044286037088681,
  "overfit_gap": -0.023470584268901917,
  "training_time": 158.0872950553894,
  "cv_10fold_scores": [
    5.6540007115424755,
    3.9711830073869634,
    4.68932931000537,
    4.023843839692527,
    5.2207671863667215,
    4.756086630718312,
    6.094674502335355,
    5.0890581401523045,
    4.142404548248817,
    4.471482900168128
  ],
  "fold_train_rmse": [
    2.1230055727023793,
    2.1626098110238847,
    2.143652613661133,
    2.1635910253726696,
    2.13465098785084,
    2.139320207672473,
    2.1431195742211173,
    2.1411397903710725,
    2.1902631390835965,
    2.150996209209446
  ],
  "fold_val_rmse": [
    2.377814271877111,
    1.9927827295987295,
    2.165485929302098,
    2.0059521030404808,
    2.284899819766005,
    2.1808453935844034,
    2.46873945614667,
    2.2558940888597374,
    2.035289794660411,
    2.1145881159620963
  ],
  "trained_at": "2026-02-12T00:49:04.676447"
}