{
  "model_name": "stacking_neural_ridge_ridge_final",
  "model_type": "ensemble_regression",
  "cv_train_rmse_mean": 2.14639712664254,
  "cv_train_rmse_std": 0.012609612853316542,
  "cv_val_rmse_mean": 2.1872234070555137,
  "cv_val_rmse_std": 0.14813752198004917,
  "train_rmse": 2.1360143622725043,
  "train_mae": 1.693489765775518,
  "train_r2": 0.1824088253721795,
  "cv_rmse": 2.1872234070555137,
  "cv_std": 0.6495662919192574,
  "cv_mean": 4.80589095778992,
  "test_rmse": 2.4586019302357722,
  "test_mae": 1.991232504301382,
  "test_r2": 0.1935941713401732,
  "test_mse": 6.044723451359064,
  "overfit_gap": -0.011185345967993698,
  "training_time": 143.26749324798584,
  "cv_10fold_scores": [
    5.718914425781167,
    3.910397300679273,
    4.846826856821957,
    4.050368948453359,
    5.216234495856783,
    4.8002528746370965,
    5.812946990613085,
    5.2087739378519275,
    4.102248909520284,
    4.391944837684263
  ],
  "fold_train_rmse": [
    2.1299794784384014,
    2.1607499513959625,
    2.1588286204016462,
    2.155563927047917,
    2.1273106898576724,
    2.1376022981822675,
    2.1332513710641345,
    2.1498254557364542,
    2.1620072303403393,
    2.148852243960604
  ],
  "fold_val_rmse": [
    2.3914251871595664,
    1.9774724525715328,
    2.201551011632925,
    2.0125528436424616,
    2.283907724899757,
    2.190947939736838,
    2.4110053900008364,
    2.282273852510239,
    2.0254009256244268,
    2.095696742776555
  ],
  "trained_at": "2026-02-12T22:57:04",
  "n_features": 16
}