{
  "model_name": "stacking_neural_ridge_neural_final",
  "model_type": "ensemble_regression",
  "cv_train_rmse_mean": 2.0291637300534697,
  "cv_train_rmse_std": 0.1350738008364717,
  "cv_val_rmse_mean": 2.564593046113152,
  "cv_val_rmse_std": 0.41138351547845714,
  "train_rmse": 2.1184622432404723,
  "train_mae": 1.6826173116689283,
  "train_r2": 0.1957902870057926,
  "cv_rmse": 2.564593046113152,
  "cv_std": 2.148999281420184,
  "cv_mean": 6.746373888979351,
  "test_rmse": 2.445381480057008,
  "test_mae": 1.9797668490400093,
  "test_r2": 0.20224330199925233,
  "test_mse": 5.979890583005805,
  "overfit_gap": -0.006453014993459738,
  "training_time": 229.06932616233826,
  "cv_10fold_scores": [
    5.688727106460796,
    3.921864850317708,
    9.274803666228111,
    8.411286156809103,
    7.958151733669839,
    4.801581138737886,
    10.641368403972024,
    5.150090848062806,
    7.070776580190984,
    4.545088405344239
  ],
  "fold_train_rmse": [
    2.1092583591910494,
    2.121341735034242,
    2.0511657097646787,
    1.7267273137970336,
    2.0000614866235997,
    2.13602171787422,
    2.030564721200888,
    2.132898447340521,
    1.8340573049019249,
    2.1495405048065415
  ],
  "fold_val_rmse": [
    2.3851052610861423,
    1.980369877148637,
    3.0454562328538084,
    2.9002217426964276,
    2.8210196266013177,
    2.1912510442069126,
    3.262111034893206,
    2.269381159713548,
    2.659093187571843,
    2.131921294359677
  ],
  "trained_at": "2026-02-12T22:54:41",
  "n_features": 16
}