{
  "model_name": "stacking_neural_only",
  "model_type": "ensemble_regression",
  "cv_train_rmse_mean": 2.1449443050161254,
  "cv_train_rmse_std": 0.016850087908162985,
  "cv_val_rmse_mean": 2.20018090038242,
  "cv_val_rmse_std": 0.1460220556236699,
  "train_rmse": 2.1435248096317236,
  "train_mae": 1.7029817417647808,
  "train_r2": 0.17664924729030695,
  "cv_rmse": 2.2050211870039162,
  "cv_std": 0.647218340947425,
  "cv_mean": 4.862118435136159,
  "test_rmse": 2.4584401817024424,
  "test_mae": 1.9948081822912176,
  "test_r2": 0.19370027283457847,
  "test_mse": 6.0439281270091385,
  "overfit_gap": -0.017051025544271514,
  "training_time": 156.56773710250854,
  "cv_10fold_scores": [
    5.897973997610675,
    4.009271479322931,
    4.897299688336629,
    4.048186952199195,
    5.280308564092849,
    4.762493862366508,
    5.865522226048939,
    5.078043385352545,
    4.244802003043045,
    4.537282192988275
  ],
  "fold_train_rmse": [
    2.12005968561,
    2.1617756387476654,
    2.156659650531511,
    2.1666875333406614,
    2.1264447723851707,
    2.1432177038049223,
    2.1268607367989425,
    2.130884328602041,
    2.1652546712488845,
    2.151598329091452
  ],
  "fold_val_rmse": [
    2.4285744784977616,
    2.0023165282549438,
    2.2129843398308604,
    2.012010673977451,
    2.2978922002767774,
    2.1823138780584492,
    2.4218840240707107,
    2.2534514384278497,
    2.0602917276548594,
    2.1300897147745386
  ],
  "trained_at": "2026-02-12T00:49:04.682692"
}