{
  "model_name": "stacking_neural_ridge",
  "model_type": "ensemble_regression",
  "cv_rmse": 2.19346371696951,
  "cv_std": 0.6714695435019484,
  "cv_mean": 4.811283077661698,
  "test_rmse": 2.458512972731419,
  "test_mae": 1.9926854318372318,
  "test_r2": 0.19365252527811838,
  "test_mse": 6.044286037088681,
  "cv_10fold_scores": [
    -5.65400071154248,
    -3.9711830073869634,
    -4.689329310005368,
    -4.023843839692523,
    -5.220767186366723,
    -4.756086630718315,
    -6.094674502335357,
    -5.089058140152303,
    -4.14240454824882,
    -4.4714829001681275
  ],
  "trained_at": "2026-02-10T14:54:17.172635"
}