{
  "model_name": "stacking_neural_only",
  "model_type": "ensemble_regression",
  "cv_rmse": 2.2050211870039162,
  "cv_std": 0.647218340947425,
  "cv_mean": 4.862118435136159,
  "test_rmse": 2.4584401817024424,
  "test_mae": 1.9948081822912176,
  "test_r2": 0.19370027283457847,
  "test_mse": 6.0439281270091385,
  "cv_10fold_scores": [
    -5.897973997610675,
    -4.009271479322931,
    -4.897299688336629,
    -4.048186952199195,
    -5.280308564092849,
    -4.762493862366508,
    -5.865522226048939,
    -5.078043385352545,
    -4.244802003043045,
    -4.537282192988275
  ],
  "trained_at": "2026-02-10T23:42:06.031659"
}