{
  "model_name": "stacking_ridge",
  "model_type": "ensemble_regression",
  "cv_rmse": 2.2180974025042843,
  "cv_std": 1.036717489363545,
  "cv_mean": 4.919956086996253,
  "test_rmse": 2.41174442998794,
  "test_mae": 1.8575129029458766,
  "test_r2": 0.22544294706554457,
  "test_mse": 5.816511195577854,
  "cv_10fold_scores": [
    -4.872493260610917,
    -4.930193251947945,
    -5.545477911120402,
    -3.7434722756075933,
    -6.3041482821197095,
    -5.3509364945534275,
    -3.6637350602483507,
    -6.607568771610015,
    -3.3603172975490234,
    -4.821218264595136
  ],
  "trained_at": "2026-02-06T23:06:32.850360"
}