{
  "model_name": "stacking_ridge",
  "model_type": "ensemble_regression",
  "cv_rmse": 2.2180889658849434,
  "cv_std": 1.0369520755085,
  "cv_mean": 4.919918660580537,
  "test_rmse": 2.4119470958649147,
  "test_mae": 1.858040173217897,
  "test_r2": 0.22531276504622766,
  "test_mse": 5.817488793251196,
  "cv_10fold_scores": [
    -4.871194236606393,
    -4.928852252393862,
    -5.54641717712877,
    -3.74963272361874,
    -6.302432946358686,
    -5.352441899568453,
    -3.6648083077597926,
    -6.609076040714255,
    -3.3542807133109793,
    -4.820050308345436
  ],
  "trained_at": "2026-02-07T00:41:23.235849"
}