{
  "model_name": "stacking_neural_only",
  "model_type": "ensemble_regression",
  "cv_train_rmse_mean": 2.0816555458001793,
  "cv_train_rmse_std": 0.1361472042667239,
  "cv_val_rmse_mean": 3.549077204891767,
  "cv_val_rmse_std": 0.3549187637539569,
  "train_rmse": 1.7050366681678526,
  "train_mae": 1.2896590220263737,
  "train_r2": 0.47905088517573235,
  "cv_rmse": 3.549077204891767,
  "cv_std": 2.495078276736017,
  "cv_mean": 12.721916335146993,
  "test_rmse": 3.5214858067902304,
  "test_mae": 2.912997434382083,
  "test_r2": -0.6543565159691478,
  "test_mse": 12.40086228742504,
  "overfit_gap": 1.13340740114488,
  "training_time": 134.79505848884583,
  "cv_10fold_scores": [
    8.730815498589543,
    15.873484332296123,
    10.584032174067737,
    14.618616850553023,
    12.914013220498973,
    11.317691366773273,
    9.521746235826111,
    16.53871588807826,
    13.59336147481513,
    13.526686309971746
  ],
  "fold_train_rmse": [
    1.8765539735210977,
    2.056021547355837,
    2.168358674601716,
    1.981773428300206,
    2.2184131130266542,
    1.9969464346028885,
    1.9610203944450015,
    2.2428449637030887,
    2.3110681155324415,
    2.003554812912863
  ],
  "fold_val_rmse": [
    2.954795339543763,
    3.9841541551872868,
    3.253310955637001,
    3.8234299850465447,
    3.5936072713220866,
    3.364177665756265,
    3.08573269027408,
    4.066782006461406,
    3.6869176116120537,
    3.677864368077179
  ],
  "trained_at": "2026-02-12T22:59:19",
  "n_features": 16
}