{
  "model_name": "svr",
  "model_type": "base_regression",
  "best_params": {
    "C": "1.0",
    "epsilon": "0.2",
    "kernel": "rbf"
  },
  "cv_train_rmse_mean": 1.8747279919921709,
  "cv_train_rmse_std": 0.020172340069543652,
  "cv_val_rmse_mean": 2.216781004624905,
  "cv_val_rmse_std": 0.1601442330475255,
  "train_rmse": 1.8842851183047429,
  "train_mae": 1.3675175681312375,
  "train_r2": 0.36375981721046213,
  "cv_rmse": 2.2225580302534693,
  "cv_std": 0.7180443704037627,
  "cv_mean": 4.939764197844181,
  "test_rmse": 2.505780249285795,
  "test_mae": 2.0196323254183115,
  "test_r2": 0.16234885739665306,
  "test_mse": 6.27893465771078,
  "overfit_gap": 0.20141095981380908,
  "training_time": 2.098440647125244,
  "cv_10fold_scores": [
    5.976664610119142,
    3.8487556674515577,
    4.918261933557857,
    4.652686000950487,
    5.0642782281696315,
    5.131103143849275,
    6.281826757448582,
    5.017399591507427,
    4.199065900349811,
    4.307600145038043
  ],
  "fold_train_rmse": [
    1.8487426237848719,
    1.902759742511607,
    1.874217943639257,
    1.8797745114244293,
    1.8709171038468282,
    1.8654054951838954,
    1.8347752290014643,
    1.8835455650854362,
    1.9005341727293312,
    1.8866075327145904
  ],
  "fold_val_rmse": [
    2.4447217858314967,
    1.961824576115703,
    2.217715476240777,
    2.157008576930209,
    2.2503951271209313,
    2.265193842444676,
    2.5063572685171165,
    2.2399552655147885,
    2.0491622435399814,
    2.0754758839933656
  ],
  "trained_at": "2026-02-12T14:34:43.991079"
}