{
  "model_name": "bagging_neural_network",
  "model_type": "ensemble_regression",
  "cv_train_rmse_mean": 7.061694542366659,
  "cv_train_rmse_std": 0.5835710794373381,
  "cv_val_rmse_mean": 11.177325058987844,
  "cv_val_rmse_std": 3.0134319514316297,
  "train_rmse": 11.946319601768808,
  "train_mae": 11.016540383486811,
  "train_r2": -22.561266413734383,
  "cv_rmse": 11.576414280777387,
  "cv_std": 79.68286097898961,
  "cv_mean": 134.01336760018663,
  "test_rmse": 12.803904447792789,
  "test_mae": 11.278503494118016,
  "test_r2": -14.812180540479075,
  "test_mse": 163.93996910820795,
  "overfit_gap": -7.749085873255309,
  "training_time": 149.47174859046936,
  "cv_10fold_scores": [
    186.0684132382082,
    127.78243886819968,
    142.07883410168995,
    72.96968939164482,
    79.16338987593473,
    107.66247246856906,
    118.78935342336506,
    54.495870333541184,
    347.90088058769015,
    103.22233371302362
  ],
  "fold_train_rmse": [
    7.976228541975141,
    6.195593111845666,
    7.375274304839139,
    6.376763500730403,
    6.869441828397254,
    6.607798657931191,
    7.5907468218041085,
    6.993725582432749,
    6.770222246741235,
    7.8611508269697055
  ],
  "fold_val_rmse": [
    13.640689617398682,
    11.304089475415509,
    11.919682634268831,
    8.542229766966281,
    8.897381068378197,
    10.376052836631523,
    10.899052868179192,
    7.382131828512763,
    18.652101237868354,
    10.159839256259108
  ],
  "trained_at": "2026-02-12T00:02:25.737408"
}