{
  "model_name": "bagging_random_forest",
  "model_type": "ensemble_regression",
  "cv_train_rmse_mean": 1.2165134489414446,
  "cv_train_rmse_std": 0.15528878325134873,
  "cv_val_rmse_mean": 2.5193882342279954,
  "cv_val_rmse_std": 1.1963491500190706,
  "train_rmse": 1.3315631199212674,
  "train_mae": 0.8715527796421211,
  "train_r2": 0.7072789950299634,
  "cv_rmse": 2.7890084911161193,
  "cv_std": 8.279982149408367,
  "cv_mean": 7.778568363517811,
  "test_rmse": 2.46124054548643,
  "test_mae": 1.9078181137534023,
  "test_r2": 0.41572804971428823,
  "test_mse": 6.0577050227463385,
  "overfit_gap": 0.29155094531567516,
  "training_time": 6.399784564971924,
  "cv_10fold_scores": [
    3.327382535117403,
    4.670809371505301,
    30.716632617682585,
    3.2683879540976832,
    2.7072332712648084,
    11.404925058288331,
    6.199666447848744,
    10.799230114474334,
    2.1276119256407444,
    2.5638043392581635
  ],
  "fold_train_rmse": [
    1.273249592180886,
    1.335241335627738,
    0.7853511301558121,
    1.286791289847474,
    1.2898191786674607,
    1.1145471102000823,
    1.3284566798665525,
    1.2749502287909027,
    1.2257357933936537,
    1.2509921506838864
  ],
  "fold_val_rmse": [
    1.8241114371434117,
    2.161205536617307,
    5.542258801037947,
    1.8078683453442297,
    1.645367214716766,
    3.37711786265868,
    2.489912939813106,
    3.2862182085908924,
    1.4586335816923812,
    1.6011884146652335
  ],
  "trained_at": "2026-02-12T00:02:25.744448"
}