{
  "model_name": "boosting_gradient_boost",
  "model_type": "ensemble_regression",
  "cv_train_rmse_mean": 0.3014347662025465,
  "cv_train_rmse_std": 0.04913135073729445,
  "cv_val_rmse_mean": 2.6594423202199597,
  "cv_val_rmse_std": 1.1493022142092515,
  "train_rmse": 0.3191955966338841,
  "train_mae": 0.2503096929599354,
  "train_r2": 0.9831792965423793,
  "cv_rmse": 2.8971587864946606,
  "cv_std": 7.527970708393979,
  "cv_mean": 8.393529034163214,
  "test_rmse": 2.5070701267314375,
  "test_mae": 1.9930372536914631,
  "test_r2": 0.3937665724909267,
  "test_mse": 6.2854006203491855,
  "overfit_gap": 0.5894127240514526,
  "training_time": 2.8098156452178955,
  "cv_10fold_scores": [
    2.991013093722408,
    2.8742894911587746,
    24.878929971862505,
    3.315794240326541,
    5.235570353621463,
    20.015522985189005,
    5.653946996827644,
    11.70362439746038,
    3.05134072100237,
    4.215258090461033
  ],
  "fold_train_rmse": [
    0.3386492386503527,
    0.3029705257106881,
    0.20915860213984555,
    0.27637832193113687,
    0.2540355203987952,
    0.3730765216565263,
    0.26836609826197644,
    0.30410192716747175,
    0.37154057969338977,
    0.31607032641528227
  ],
  "fold_val_rmse": [
    1.7294545653825104,
    1.6953729652081795,
    4.9878783036339716,
    1.8209322448478253,
    2.288136873882649,
    4.4738711408788925,
    2.3778029768733244,
    3.4210560354166053,
    1.7468087247899726,
    2.0531093712856685
  ],
  "trained_at": "2026-02-12T00:02:25.746961"
}