{
  "model_name": "decision_tree",
  "model_type": "base_regression",
  "best_params": {
    "max_depth": "3",
    "min_samples_leaf": "4",
    "min_samples_split": "10"
  },
  "cv_train_rmse_mean": 1.8414057383858218,
  "cv_train_rmse_std": 0.16734835309727192,
  "cv_val_rmse_mean": 2.62490806614621,
  "cv_val_rmse_std": 1.0993749442368068,
  "train_rmse": 1.8007979081675454,
  "train_mae": 1.3302651515151511,
  "train_r2": 0.4646222399027058,
  "cv_rmse": 2.845833379475179,
  "cv_std": 8.330004371438113,
  "cv_mean": 8.09876762373512,
  "test_rmse": 3.4460373963980357,
  "test_mae": 2.1277272727272813,
  "test_r2": -0.14537285877473205,
  "test_mse": 11.875173737373752,
  "overfit_gap": 0.6099950986774378,
  "training_time": 1.9392638206481934,
  "cv_10fold_scores": [
    3.7130250577153805,
    5.709593211266495,
    32.53720920138895,
    3.7926522803795972,
    4.570464518340222,
    6.84261354319136,
    8.140876066861923,
    6.0106413966049494,
    2.2393946433841863,
    7.431206318218132
  ],
  "fold_train_rmse": [
    1.853019329724473,
    1.8930500158688977,
    1.3915839183059582,
    1.901451003491932,
    2.0173534369417867,
    1.8495840055920534,
    1.7589803594019762,
    1.8461453456136112,
    1.8834396638948827,
    2.0194503050226467
  ],
  "fold_val_rmse": [
    1.9269211342749295,
    2.3894755096603304,
    5.704139654793608,
    1.9474733067181171,
    2.1378644761397347,
    2.61583897501191,
    2.8532220500448124,
    2.451660946502381,
    1.4964607055930959,
    2.7260239027231825
  ],
  "trained_at": "2026-02-12T14:52:09.052551"
}