{
  "model_name": "knn",
  "model_type": "base_regression",
  "best_params": {
    "n_neighbors": "5",
    "weights": "distance"
  },
  "cv_train_rmse_mean": 8.14787758221298e-08,
  "cv_train_rmse_std": 7.80122449363786e-09,
  "cv_val_rmse_mean": 2.223143942458992,
  "cv_val_rmse_std": 1.2058374337617408,
  "train_rmse": 8.513939474925965e-08,
  "train_mae": 2.9235456722176423e-08,
  "train_r2": 0.9999999999999988,
  "cv_rmse": 2.529113066976882,
  "cv_std": 8.807312598585947,
  "cv_mean": 6.39641290555321,
  "test_rmse": 2.8597142941379463,
  "test_mae": 1.9457155018777776,
  "test_r2": 0.211226688133753,
  "test_mse": 8.177965844096892,
  "overfit_gap": 0.7887733118662458,
  "training_time": 11.614339351654053,
  "cv_10fold_scores": [
    3.6182197483848295,
    4.2044117181915475,
    32.556036977193145,
    2.952905326028731,
    1.5291631943379258,
    2.302504118190166,
    6.382989922241884,
    4.239582739392453,
    3.1242975296057374,
    3.0540177819656806
  ],
  "fold_train_rmse": [
    8.301665882934044e-08,
    7.886877403685701e-08,
    8.750197182868755e-08,
    8.929419330801956e-08,
    8.5999555990353e-08,
    8.760460829250647e-08,
    6.335066804270996e-08,
    7.440711081227581e-08,
    8.802268819094727e-08,
    7.672152888960098e-08
  ],
  "fold_val_rmse": [
    1.9021618617732903,
    2.050466219714811,
    5.705789776813824,
    1.7184019686990384,
    1.2365933827810682,
    1.5174004475385414,
    2.526457979512401,
    2.0590247058722855,
    1.7675682531675367,
    1.7475748287171227
  ],
  "trained_at": "2026-02-12T14:52:09.050541"
}