{
  "model_name": "neural_network",
  "model_type": "base_regression",
  "best_params": {
    "activation": "relu",
    "alpha": "0.0001",
    "hidden_layer_sizes": "(100, 50)",
    "learning_rate": "constant"
  },
  "cv_train_rmse_mean": 6.4082514154583805,
  "cv_train_rmse_std": 2.263569752951923,
  "cv_val_rmse_mean": 11.800248759739992,
  "cv_val_rmse_std": 2.2888026047401837,
  "train_rmse": 9.19907277177556,
  "train_mae": 7.306228336041087,
  "train_r2": -12.970710081331905,
  "cv_rmse": 12.02017005517021,
  "cv_std": 55.69650507080575,
  "cv_mean": 144.4844881552106,
  "test_rmse": 12.074445025800143,
  "test_mae": 10.256944507715504,
  "test_r2": -13.061811521442975,
  "test_mse": 145.7922226810698,
  "overfit_gap": 0.09110144011106946,
  "training_time": 81.73625445365906,
  "cv_10fold_scores": [
    140.0431417803128,
    155.48327120752063,
    120.55008487889546,
    120.38624480216929,
    155.7788862130124,
    227.92137478473848,
    82.8363839123408,
    124.2261759333064,
    253.7205132530526,
    63.898804786757424
  ],
  "fold_train_rmse": [
    7.897131484326965,
    3.152970746520747,
    5.517912990682214,
    3.354400237612936,
    5.6908165332045115,
    8.389002381201685,
    8.80989574288035,
    8.812341692942562,
    8.704427699672587,
    3.753614645539246
  ],
  "fold_val_rmse": [
    11.833982498732741,
    12.469293131830714,
    10.97953026676895,
    10.972066569346419,
    12.481141222380765,
    15.0970651050043,
    9.101449550062934,
    11.145679698129962,
    15.928606758064328,
    7.993672797078789
  ],
  "trained_at": "2026-02-12T14:52:09.056281"
}