{
  "model_name": "random_forest",
  "model_type": "base_regression",
  "best_params": {
    "max_depth": "10",
    "min_samples_split": "2",
    "n_estimators": "200"
  },
  "cv_train_rmse_mean": 0.951653435541111,
  "cv_train_rmse_std": 0.0979410398514034,
  "cv_val_rmse_mean": 2.4822680878140053,
  "cv_val_rmse_std": 1.213752636086928,
  "train_rmse": 0.9955789026491773,
  "train_mae": 0.7272631234829633,
  "train_r2": 0.8363629124864504,
  "cv_rmse": 2.763123291021912,
  "cv_std": 8.388541472115051,
  "cv_mean": 7.634850321387764,
  "test_rmse": 2.4555285887177027,
  "test_mae": 1.9517524413788436,
  "test_r2": 0.4184368166763017,
  "test_mse": 6.029620650009954,
  "overfit_gap": 0.4179260958101487,
  "training_time": 23.178427934646606,
  "cv_10fold_scores": [
    3.1247138111912274,
    4.26259740563832,
    30.99561869195508,
    3.154593450313611,
    2.4983352454044803,
    11.116683626852856,
    6.2395377641035825,
    10.436670194518015,
    2.0599642807877996,
    2.4597887431126693
  ],
  "fold_train_rmse": [
    1.0165907379503951,
    0.9680684450313921,
    0.6718389690590236,
    0.9736267914177809,
    1.0261921389324322,
    0.9167080124621432,
    0.9776138870268107,
    0.962276028757934,
    0.996156290415482,
    1.0074630543577168
  ],
  "fold_val_rmse": [
    1.7676860046940541,
    2.064605871743641,
    5.567370895849771,
    1.7761175215378096,
    1.5806123007886785,
    3.334169105917223,
    2.497906676419994,
    3.2305835687253186,
    1.4352575660095994,
    1.5683713664539625
  ],
  "trained_at": "2026-02-12T14:52:09.055073"
}