{
  "model_name": "ridge",
  "model_type": "base_regression",
  "best_params": {
    "alpha": "100.0"
  },
  "cv_train_rmse_mean": 2.2029082095926227,
  "cv_train_rmse_std": 0.20756495635009592,
  "cv_val_rmse_mean": 2.2211852792616495,
  "cv_val_rmse_std": 1.231036865520166,
  "train_rmse": 2.227516618764856,
  "train_mae": 1.616661974342515,
  "train_r2": 0.1808333233870102,
  "cv_rmse": 2.539510938956233,
  "cv_std": 9.069459174931618,
  "cv_mean": 6.449115809078369,
  "test_rmse": 3.0207997889776186,
  "test_mae": 2.0408737174007623,
  "test_r2": 0.11986194334852196,
  "test_mse": 9.125231365087224,
  "overfit_gap": 0.06097138003848823,
  "training_time": 0.12054014205932617,
  "cv_10fold_scores": [
    3.134586313073234,
    4.362920071718792,
    33.38400608521051,
    3.215822529393295,
    2.542732801502028,
    2.1019759416552963,
    6.027704952008168,
    5.248553599386186,
    2.2261716942289484,
    2.246684102607232
  ],
  "fold_train_rmse": [
    2.275809167137056,
    2.2443250664391865,
    1.5837344644676605,
    2.280701740556572,
    2.2813385162653215,
    2.3150900001170114,
    2.2419584847576783,
    2.241678406313108,
    2.2859923706247702,
    2.2784538792478637
  ],
  "fold_val_rmse": [
    1.7704762955411841,
    2.0887604151071972,
    5.777889414415138,
    1.7932714600398054,
    1.5945948706496043,
    1.4498192789638633,
    2.4551384791917887,
    2.290972195245107,
    1.4920360901228054,
    1.4988942933400047
  ],
  "trained_at": "2026-02-12T14:52:09.056281"
}