{
  "model_name": "stacking_neural_ridge_neural_final",
  "model_type": "ensemble_regression",
  "cv_train_rmse_mean": 5.860554369987851,
  "cv_train_rmse_std": 1.7052514621525783,
  "cv_val_rmse_mean": 5.74003811277092,
  "cv_val_rmse_std": 1.5050462650124017,
  "train_rmse": 5.183421067679295,
  "train_mae": 4.158874343567131,
  "train_r2": -3.435712099695076,
  "cv_rmse": 5.934071266499124,
  "cv_std": 15.30108756517621,
  "cv_mean": 35.21320179589053,
  "test_rmse": 6.5393629930001245,
  "test_mae": 5.634619338111235,
  "test_r2": -3.124561712412942,
  "test_mse": 42.76326835421955,
  "overfit_gap": -0.31115038728213396,
  "training_time": 77.26247882843018,
  "cv_10fold_scores": [
    35.95711790807665,
    58.183185207534535,
    35.38888607495019,
    36.19785017318956,
    51.41111460851392,
    47.86700215554501,
    10.472062283506443,
    35.65945985022992,
    33.615423574784366,
    7.379916122574743
  ],
  "fold_train_rmse": [
    7.837134945436083,
    5.48399883445136,
    4.960531977207197,
    3.5041629257157583,
    4.296249902460175,
    6.341940679078486,
    7.353588951990902,
    8.822989808831744,
    6.327420880038193,
    3.6775247946686074
  ],
  "fold_val_rmse": [
    5.996425427542366,
    7.627790322730072,
    5.948855862680671,
    6.016464923290882,
    7.17015443407699,
    6.918598279676672,
    3.2360565946080797,
    5.971554224004829,
    5.797880955554742,
    2.716600103543903
  ],
  "trained_at": "2026-02-12T00:02:25.747492"
}