{
  "model_name": "stacking_neural_only",
  "model_type": "ensemble_regression",
  "cv_train_rmse_mean": 8.159950689566545,
  "cv_train_rmse_std": 2.3128794869769598,
  "cv_val_rmse_mean": 10.441853933230808,
  "cv_val_rmse_std": 2.3079232203073357,
  "train_rmse": 9.888051700574138,
  "train_mae": 8.181318217786963,
  "train_r2": -15.141795032286662,
  "cv_rmse": 10.693868484031468,
  "cv_std": 45.86091339309552,
  "cv_mean": 114.35882315376148,
  "test_rmse": 11.745230215255246,
  "test_mae": 10.231391279385035,
  "test_r2": -12.30546273178099,
  "test_mse": 137.9504328093448,
  "overfit_gap": -2.8363323005056724,
  "training_time": 122.75287199020386,
  "cv_10fold_scores": [
    105.59511405084572,
    155.34841657308675,
    83.71479974375706,
    126.92872071203568,
    149.718531690671,
    188.40909663689004,
    37.0916022826847,
    93.59818920803706,
    150.15759311612192,
    53.02616752348486
  ],
  "fold_train_rmse": [
    9.18999532486846,
    6.4205148715523555,
    7.596440747280441,
    6.981525588655208,
    5.607516002160257,
    10.247930146554094,
    10.818053456620474,
    10.530015875467498,
    10.413807925467179,
    3.7937069570394737
  ],
  "fold_val_rmse": [
    10.275948328541055,
    12.46388448972016,
    9.14957921129475,
    11.266264718709378,
    12.2359524227038,
    13.726219313302918,
    6.090287536946404,
    9.674615713713752,
    12.25388073697969,
    7.281906860396173
  ],
  "trained_at": "2026-02-12T00:02:25.752937"
}