{
  "model_name": "stacking_neural_ridge_ridge_final",
  "model_type": "ensemble_regression",
  "cv_train_rmse_mean": 2.3514706135361427,
  "cv_train_rmse_std": 0.22235741197857167,
  "cv_val_rmse_mean": 2.220097072188786,
  "cv_val_rmse_std": 1.2624006004456614,
  "train_rmse": 2.422025518044395,
  "train_mae": 1.6472566854841388,
  "train_r2": 0.031526369419410005,
  "cv_rmse": 2.553915872918837,
  "cv_std": 9.204338838382037,
  "cv_mean": 6.522486285946786,
  "test_rmse": 3.2987671008341914,
  "test_mae": 2.058991718500826,
  "test_r2": -0.04956713861335116,
  "test_mse": 10.881864385546017,
  "overfit_gap": 0.08109350803276116,
  "training_time": 44.77529430389404,
  "cv_10fold_scores": [
    2.557967315827994,
    5.203285415211677,
    33.826648783077786,
    3.7042852193829265,
    2.427873891228711,
    3.655004072468012,
    6.03241322702127,
    4.020524391393895,
    2.905705835102456,
    0.8911547087531394
  ],
  "fold_train_rmse": [
    2.3635482024088894,
    2.4360863123593415,
    1.772210552251245,
    2.240656973716865,
    2.3485096840424746,
    2.6573420424110035,
    2.4240795789774454,
    2.548579152945928,
    2.38826038555216,
    2.3354332506960773
  ],
  "fold_val_rmse": [
    1.5993646600534832,
    2.281071111388612,
    5.816068154954667,
    1.9246519735741645,
    1.5581636278737578,
    1.9118064945145499,
    2.4560971534166294,
    2.0051245326397797,
    1.7046131042270136,
    0.9440099092452046
  ],
  "trained_at": "2026-02-12T00:02:25.750922"
}