{
  "model_name": "svr",
  "model_type": "base_regression",
  "best_params": {
    "C": "0.1",
    "epsilon": "0.01",
    "kernel": "rbf"
  },
  "cv_train_rmse_mean": 2.3842515622580396,
  "cv_train_rmse_std": 0.23808649315498956,
  "cv_val_rmse_mean": 2.120840509108803,
  "cv_val_rmse_std": 1.2802384764179997,
  "train_rmse": 2.3992101567688677,
  "train_mae": 1.6106501049311688,
  "train_r2": 0.04968637940287446,
  "cv_rmse": 2.4772918725047255,
  "cv_std": 9.010950591991413,
  "cv_mean": 6.136975021577968,
  "test_rmse": 3.2644736901071516,
  "test_mae": 2.0538571563151446,
  "test_r2": -0.027858332777306094,
  "test_mse": 10.656788473401802,
  "overfit_gap": 0.07754471218018055,
  "training_time": 0.2289731502532959,
  "cv_10fold_scores": [
    2.8071561965356313,
    3.890300310927758,
    32.72786759114944,
    2.9212592063930627,
    1.6301590104850259,
    2.7965113982156518,
    6.7435003674005545,
    5.0849956273277535,
    1.767738115307106,
    1.0002623920376967
  ],
  "fold_train_rmse": [
    2.470349362267472,
    2.4534963646490935,
    1.67675662409447,
    2.4760999830212773,
    2.4999434411402843,
    2.4785927883335526,
    2.386712480154586,
    2.423125918896318,
    2.484865112615569,
    2.4925735474077726
  ],
  "fold_val_rmse": [
    1.6754570112466722,
    1.9723844227046,
    5.720827526778748,
    1.7091691567522107,
    1.2767768052737432,
    1.6722773090057916,
    2.5968250552165726,
    2.2549934872029573,
    1.329563129492957,
    1.0001311874137797
  ],
  "trained_at": "2026-02-12T14:52:09.055581"
}