Feature,SHAP_Importance
Gender,1.107852758675734
GPA,0.9619185202678777
StudyHours,0.8411199438296529
ReviewCenter,0.8003565738052671
EmploymentStatus,0.7694346852845994
Scholarship,0.753731576085545
InternshipGrade,0.7318776393756881
IncomeLevel,0.6678664078565072
Confidence,0.6259764908731015
MockExamScore,0.5749097079438922
SleepHours,0.5358586079813015
Age,0.3756604949553188
