Feature,SHAP_Importance
Scholarship,1.396213674002671
ReviewCenter,1.0693322768165825
Gender,1.0179080401355893
StudyHours,0.9471189632022056
EmploymentStatus,0.9333415920157496
GPA,0.8650959067244551
InternshipGrade,0.6681773905514692
MockExamScore,0.590445271157424
TestAnxiety,0.5684458065899446
IncomeLevel,0.5682981962262857
SleepHours,0.47066700874151224
Confidence,0.4179290741258843
Age,0.39602437852165545
