Feature,SHAP_Importance
GPA,1.3853859263707233
StudyHours,1.3379326601948691
MockExamScore,1.1578606617908864
Age,0.8009724533901198
EmploymentStatus,0.790962490562481
InternshipGrade,0.5886334969039856
Scholarship,0.48593845816561243
IncomeLevel,0.38226051421313917
Gender,0.38194166135182617
TestAnxiety,0.3801190938532314
Confidence,0.3250777249452673
SleepHours,0.23056786996668777
ReviewCenter,0.05415550091290895
