Feature,SHAP_Importance
GPA,1.5011051563724511
StudyHours,1.387763229414659
MockExamScore,0.911315127737733
InternshipGrade,0.5612853124113513
Age,0.4522445909642522
Gender,0.4484315193932018
IncomeLevel,0.434586768094963
Confidence,0.3812043759827422
EmploymentStatus,0.31373117267983347
SleepHours,0.25089002784266357
Scholarship,0.16111545417529982
ReviewCenter,0.07908456913667322
