Feature,SHAP_Importance
GPA,1.3508560171265511
MockExamScore,1.1072007118417972
Scholarship,1.0229426972845674
Age,0.911686908584404
Gender,0.8044168819323602
EmploymentStatus,0.7925305510258593
InternshipGrade,0.336052812966151
SleepHours,0.3263773533761132
IncomeLevel,0.32279050412344645
Confidence,0.30842267525836603
ReviewCenter,0.25572742932221126
StudyHours,0.027896689897100146
TestAnxiety,0.015864667776238826
