Feature,SHAP_Importance
GPA,1.3421055619470355
MockExamScore,1.036061896171244
Age,0.8940894723366621
Gender,0.8312219077435716
IncomeLevel,0.4575702414925513
Confidence,0.34618533610153784
EmploymentStatus,0.3401470450431207
InternshipGrade,0.22887898488726752
SleepHours,0.11497446933771843
ReviewCenter,0.0492358140623375
StudyHours,0.028772639704362484
Scholarship,0.00021568426748002912
