Feature,SHAP_Importance
Gender,0.700566623190656
EmploymentStatus,0.5118512086294643
Scholarship,0.5033635493785972
MockExamScore,0.5020267823957557
GPA,0.4704937093848449
TestAnxiety,0.3478678222954494
ReviewCenter,0.3312111140522378
StudyHours,0.3172120273055595
InternshipGrade,0.2648827840582131
Confidence,0.1377404246846296
IncomeLevel,0.13277620721251657
SleepHours,0.11252851072169552
Age,0.04491161361668769
