Feature,SHAP_Importance
Gender,0.8105239836408259
GPA,0.6374617045347379
EmploymentStatus,0.4939645945842796
StudyHours,0.47367085996296526
MockExamScore,0.4498876595022977
Confidence,0.3529086221648597
InternshipGrade,0.33840896928634856
ReviewCenter,0.256965211798758
SleepHours,0.22037009664788837
IncomeLevel,0.19287045847747009
Scholarship,0.1825779724978776
Age,0.09397987353958864
