{
  "data_stats": {
    "shape": [
      500,
      14
    ],
    "missing_values": {
      "Age": 0,
      "Gender": 0,
      "StudyHours": 0,
      "SleepHours": 0,
      "ReviewCenter": 0,
      "Confidence": 0,
      "MockExamScore": 235,
      "GPA": 0,
      "Scholarship": 0,
      "InternshipGrade": 0,
      "IncomeLevel": 0,
      "EmploymentStatus": 0,
      "ExamResultPercent": 0,
      "Passed": 0
    },
    "target_distribution": {
      "1": 250,
      "0": 250
    },
    "pass_rate": 0.5,
    "categorical_stats": {
      "Gender": {
        "Female": 250,
        "Male": 250
      },
      "IncomeLevel": {
        "Low": 178,
        "High": 164,
        "Middle": 158
      },
      "EmploymentStatus": {
        "Unskilled": 137,
        "Professional": 124,
        "Unemployed": 121,
        "Skilled": 118
      }
    },
    "numerical_stats": {
      "Age": {
        "count": 500.0,
        "mean": 26.846,
        "std": 4.36719920059933,
        "min": 20.0,
        "25%": 23.0,
        "50%": 27.0,
        "75%": 31.0,
        "max": 34.0
      },
      "StudyHours": {
        "count": 500.0,
        "mean": 4.062,
        "std": 2.0194832569869208,
        "min": 1.0,
        "25%": 2.0,
        "50%": 4.0,
        "75%": 6.0,
        "max": 7.0
      },
      "SleepHours": {
        "count": 500.0,
        "mean": 6.388,
        "std": 1.7411257961664206,
        "min": 4.0,
        "25%": 5.0,
        "50%": 6.0,
        "75%": 8.0,
        "max": 9.0
      },
      "Confidence": {
        "count": 500.0,
        "mean": 3.062,
        "std": 1.4388525265594014,
        "min": 1.0,
        "25%": 2.0,
        "50%": 3.0,
        "75%": 4.0,
        "max": 5.0
      },
      "MockExamScore": {
        "count": 265.0,
        "mean": 74.9245283018868,
        "std": 13.71855779233583,
        "min": 50.0,
        "25%": 63.0,
        "50%": 75.0,
        "75%": 87.0,
        "max": 99.0
      },
      "GPA": {
        "count": 500.0,
        "mean": 2.0165,
        "std": 0.6495742015247936,
        "min": 1.0,
        "25%": 1.5,
        "50%": 2.0,
        "75%": 2.5,
        "max": 3.0
      },
      "Scholarship": {
        "count": 500.0,
        "mean": 0.526,
        "std": 0.4998236161833385,
        "min": 0.0,
        "25%": 0.0,
        "50%": 1.0,
        "75%": 1.0,
        "max": 1.0
      },
      "InternshipGrade": {
        "count": 500.0,
        "mean": 1.985,
        "std": 0.6462276846753641,
        "min": 1.0,
        "25%": 1.5,
        "50%": 2.0,
        "75%": 2.5,
        "max": 3.0
      },
      "ReviewCenter": {
        "count": 500.0,
        "mean": 0.53,
        "std": 0.49959903762596813,
        "min": 0.0,
        "25%": 0.0,
        "50%": 1.0,
        "75%": 1.0,
        "max": 1.0
      }
    }
  },
  "correlation_matrix": {
    "Gender": {
      "Gender": 1.0,
      "IncomeLevel": 0.04486504701354656,
      "EmploymentStatus": -0.0017593776788349907,
      "Age": -0.054551749680515696,
      "StudyHours": -0.006939409369489056,
      "SleepHours": 0.027595979696585768,
      "Confidence": -0.05426415546702544,
      "MockExamScore": -0.045137586039783455,
      "GPA": 0.010016576629744972,
      "Scholarship": -0.060081284882938076,
      "InternshipGrade": 0.02943084766963775,
      "ReviewCenter": 0.012021658495512903,
      "Passed": -0.08000000000000007
    },
    "IncomeLevel": {
      "Gender": 0.04486504701354656,
      "IncomeLevel": 1.0,
      "EmploymentStatus": -0.08276727379933727,
      "Age": 0.08459642762904533,
      "StudyHours": -0.09714206326980607,
      "SleepHours": 0.10221161448542718,
      "Confidence": -0.011493083645007847,
      "MockExamScore": 0.06100389061614768,
      "GPA": 0.07239855491765006,
      "Scholarship": 0.050696300847656715,
      "InternshipGrade": 0.05177422060202034,
      "ReviewCenter": 0.03585693818813589,
      "Passed": 0.009970010447454778
    },
    "EmploymentStatus": {
      "Gender": -0.0017593776788349907,
      "IncomeLevel": -0.08276727379933727,
      "EmploymentStatus": 1.0,
      "Age": -0.04607950764669422,
      "StudyHours": -0.035582380685869344,
      "SleepHours": 0.0655974611799996,
      "Confidence": 0.04308196567465574,
      "MockExamScore": -0.010983795861238946,
      "GPA": -0.008056395414450643,
      "Scholarship": -0.04420611183751182,
      "InternshipGrade": 0.060814219720315095,
      "ReviewCenter": 0.03303024574924733,
      "Passed": -0.040465686613204155
    },
    "Age": {
      "Gender": -0.054551749680515696,
      "IncomeLevel": 0.08459642762904533,
      "EmploymentStatus": -0.04607950764669422,
      "Age": 1.0,
      "StudyHours": -0.011867055133868534,
      "SleepHours": 0.023950550797830247,
      "Confidence": 0.014917109584217122,
      "MockExamScore": 0.09258836979422665,
      "GPA": 0.03904460897819699,
      "Scholarship": 0.0812517578335859,
      "InternshipGrade": -0.04520051838847605,
      "ReviewCenter": -0.05620245837598355,
      "Passed": 0.16457208517063168
    },
    "StudyHours": {
      "Gender": -0.006939409369489056,
      "IncomeLevel": -0.09714206326980607,
      "EmploymentStatus": -0.035582380685869344,
      "Age": -0.011867055133868534,
      "StudyHours": 1.0,
      "SleepHours": -0.08550694048931431,
      "Confidence": -0.09443133901681758,
      "MockExamScore": -0.14236827078608366,
      "GPA": -0.12757827147515663,
      "Scholarship": 0.03512921524426243,
      "InternshipGrade": 0.04716546904264077,
      "ReviewCenter": -0.022703030612723794,
      "Passed": -0.06443737271668432
    },
    "SleepHours": {
      "Gender": 0.027595979696585768,
      "IncomeLevel": 0.10221161448542718,
      "EmploymentStatus": 0.0655974611799996,
      "Age": 0.023950550797830247,
      "StudyHours": -0.08550694048931431,
      "SleepHours": 1.0,
      "Confidence": -0.009621580994207126,
      "MockExamScore": 0.08524719832013294,
      "GPA": -0.016746278111318277,
      "Scholarship": -0.09451532043490338,
      "InternshipGrade": 0.07909782072238843,
      "ReviewCenter": 0.04879481401991528,
      "Passed": 0.04139396954487877
    },
    "Confidence": {
      "Gender": -0.05426415546702544,
      "IncomeLevel": -0.011493083645007847,
      "EmploymentStatus": 0.04308196567465574,
      "Age": 0.014917109584217122,
      "StudyHours": -0.09443133901681758,
      "SleepHours": -0.009621580994207126,
      "Confidence": 1.0,
      "MockExamScore": -0.056898641665417804,
      "GPA": 0.03535375525507512,
      "Scholarship": -0.03707779658313555,
      "InternshipGrade": 0.006929128070864962,
      "ReviewCenter": 0.029467043541436137,
      "Passed": -0.04869860106015116
    },
    "MockExamScore": {
      "Gender": -0.045137586039783455,
      "IncomeLevel": 0.06100389061614768,
      "EmploymentStatus": -0.010983795861238946,
      "Age": 0.09258836979422665,
      "StudyHours": -0.14236827078608366,
      "SleepHours": 0.08524719832013294,
      "Confidence": -0.056898641665417804,
      "MockExamScore": 1.0,
      "GPA": 0.06173528375531588,
      "Scholarship": 0.0052811144783475724,
      "InternshipGrade": 0.03926027301056172,
      "ReviewCenter": NaN,
      "Passed": 0.06760664382952895
    },
    "GPA": {
      "Gender": 0.010016576629744972,
      "IncomeLevel": 0.07239855491765006,
      "EmploymentStatus": -0.008056395414450643,
      "Age": 0.03904460897819699,
      "StudyHours": -0.12757827147515663,
      "SleepHours": -0.016746278111318277,
      "Confidence": 0.03535375525507512,
      "MockExamScore": 0.06173528375531588,
      "GPA": 1.0,
      "Scholarship": -0.005181728026661716,
      "InternshipGrade": -0.011642665206790793,
      "ReviewCenter": 0.03475078318226003,
      "Passed": 0.05470591851629939
    },
    "Scholarship": {
      "Gender": -0.060081284882938076,
      "IncomeLevel": 0.050696300847656715,
      "EmploymentStatus": -0.04420611183751182,
      "Age": 0.0812517578335859,
      "StudyHours": 0.03512921524426243,